Text,Category
Bank Statement Account Number: 123456 Transaction Date: 27 August 2026 Credit: 25000 Balance: 75000,Bank Statement
Bank statement containing payment transactions and account balance information.,Bank Statement
Bank Statement Account Number: 123457 Transaction Date: 25 August 2026 Debit: 5000 Balance: 45000,Bank Statement
"Bank Statement showing account transactions, deposits, withdrawals and current balance.",Bank Statement
Monthly bank statement containing transaction history and account balance.,Bank Statement
Bank account statement showing credit and debit transactions for August 2026.,Bank Statement
"Financial statement containing deposits, withdrawals and available account balance.",Bank Statement
Bank transaction report showing account activity and transaction amounts.,Bank Statement
"Customer bank statement with transaction dates, debit amounts and credit amounts.",Bank Statement
Account statement showing monthly financial transactions and closing balance.,Bank Statement
Certificate of completion awarded for successfully completing Python programming training.,Certificate
Certificate awarded for outstanding performance in a coding program.,Certificate
Certificate of achievement for completing a machine learning course.,Certificate
Certificate awarded for participation in a national coding competition.,Certificate
Certificate of completion for artificial intelligence training program.,Certificate
Certificate awarded for successfully completing data science certification.,Certificate
Certificate of achievement in software development and programming.,Certificate
Certificate issued for completing an internship in machine learning.,Certificate
Certificate of participation in a technical hackathon.,Certificate
Professional certificate for completing cloud computing training.,Certificate
Invoice Number: INV1001 Customer: ABC Technologies Subtotal: 15000 GST: 2700 Total Amount: 17700,Invoice
Invoice Number: INV1010 Customer: AI Technologies Subtotal: 20000 GST: 3600 Total Amount: 23600,Invoice
Invoice Number: INV1002 Customer: XYZ Solutions Subtotal: 22000 GST: 3960 Total Amount: 25960,Invoice
Invoice Number: INV1003 Customer: Tech Corp Subtotal: 12000 GST: 2160 Total Amount: 14160,Invoice
Invoice Number: INV1004 Customer: Global Systems Subtotal: 30000 GST: 5400 Total Amount: 35400,Invoice
Invoice Number: INV1005 Customer: Digital India Subtotal: 18000 GST: 3240 Total Amount: 21240,Invoice
Invoice Number: INV1006 Customer: Smart Solutions Subtotal: 25000 GST: 4500 Total Amount: 29500,Invoice
Invoice Number: INV1007 Customer: Future Tech Subtotal: 10000 GST: 1800 Total Amount: 11800,Invoice
Invoice Number: INV1008 Customer: Web Works Subtotal: 16000 GST: 2880 Total Amount: 18880,Invoice
Invoice Number: INV1009 Customer: Cloud Systems Subtotal: 27000 GST: 4860 Total Amount: 31860,Invoice
Research Paper: An analysis of machine learning algorithms for classification problems.,Research Paper
Research paper presenting an approach for automated text classification.,Research Paper
Research study on artificial intelligence applications in healthcare.,Research Paper
Experimental analysis of deep learning models for image classification.,Research Paper
Research paper discussing natural language processing and text classification.,Research Paper
Study of neural networks and their applications in artificial intelligence.,Research Paper
Research analysis of machine learning techniques for predictive analytics.,Research Paper
Experimental study comparing classification algorithms using real-world datasets.,Research Paper
Research paper on computer vision and object detection using deep learning.,Research Paper
Study investigating artificial intelligence methods for document analysis.,Research Paper
"Resume of a software engineer with skills in Python, Java, SQL and machine learning.",Resume
"Software engineer profile including professional experience, education and technical skills.",Resume
"BTech student resume with programming, data structures and artificial intelligence skills.",Resume
"Professional resume containing education, technical skills, projects and work experience.",Resume
"Software developer resume with Python, JavaScript, databases and cloud computing experience.",Resume
"Machine learning engineer resume with experience in Python, NLP and deep learning.",Resume
"Computer science graduate resume with projects, internships and technical skills.",Resume
"Data analyst resume with Python, SQL, Excel and data visualization skills.",Resume
AI developer resume including machine learning projects and programming experience.,Resume
"Student resume containing education, certifications, projects and programming skills.",Resume
